matrix_name,m,n,nnz_a,density_a,k,nnz_b,sparsity_b,num_threads,algorithm,nnz_c,mean_time_sec,std_time_sec,min_time_sec,gflops,memory_a_mb,memory_b_mb,memory_c_mb
1138_bus,1138,1138,4054,0.003130395569571381,4,455,0.1,1,row-wise,1370,0.000327209010720253,0.0,0.000327209010720253,0.009907352602548844,0.050739288330078125,0.009552001953125,0.020023345947265625
1138_bus,1138,1138,4054,0.003130395569571381,4,455,0.1,1,outer-product,1370,0.0002689580142032355,0.0,0.0002689580142032355,0.012053089600398057,0.050739288330078125,0.009552001953125,0.020023345947265625
1138_bus,1138,1138,4054,0.003130395569571381,4,455,0.1,1,blocked,1370,0.00031979099730961025,0.0,0.00031979099730961025,0.010137167935337968,0.050739288330078125,0.009552001953125,0.020023345947265625
1138_bus,1138,1138,4054,0.003130395569571381,4,455,0.1,1,scipy,1370,0.00013691699132323265,0.0,0.00013691699132323265,0.023676937483117576,0.050739288330078125,0.009552001953125,0.020023345947265625
